{
  "bizobj": [
    {
      "id": 1,
      "title": "1.Collective intelligence is based on the notion that 6. distributed groups of people with a divergent range of information and expertise will be able to outperform the capabilities of _ _ _ ",
      "a": "crowds",
      "b": "customers",
      "c": "individual experts  ",
      "d": "virtual teams",
      "ok": "a"
    },
    {
      "id": 2,
      "title": "2.Microblogging tools are used for _ _ _",
      "a": "creating an online text diary",
      "b": "providing location information",
      "c": "short status updates ",
      "d": "customer support functions ",
      "ok": "c"
    },
    {
      "id": 3,
      "title": "3.Tagging is adding to a piece of information such as a map, picture, or Web page",
      "a": "metadata",
      "b": "comments",
      "c": "blogs",
      "d": "knowledge ",
      "ok": "b"
    },
    {
      "id":4,
      "title": "4.The process of adding information such as latitude and longitude to pictures, videos, or other information is called _ _ ",
      "a": "flagging",
      "b": "posting",
      "c": "geotagging",
      "d": "tagging ",
      "ok": "c"
    },
    {
      "id": 5,
      "title": "5.Successful Enterprise 2.0 implementations consider ",
      "a": "organizational culture",
      "b": "organizational hierarchies ",
      "c": "technological inertia",
      "d": "all of the above ",
      "ok": "b"
    }
  ]
}