{
  "bizobj": [
    {
      "id": 1,
      "title": "1.EC is the online exchange of among firms, between firms and their customers, and between customers, supported by communication technologies and, in particular, the Internet.",
      "a": "goods",
      "b": "services",
      "c": "money",
      "d": "all of the above",
      "ok": "b"
    },
    {
      "id": 2,
      "title": "2.are those companies that operate in the traditional, physical markets and do not conduct business electronically in cyberspace",
      "a": "Brick-and-mortars",
      "b": "Click-onlys",
      "c": "both A and B",
      "d": "Dot-corns",
      "ok": "c"
    },
    {
      "id": 3,
      "title": "3.The revenue model involving referring customers to another business is called ___",
      "a": "referral marketing",
      "b": "internet marketing ",
      "c": "affiliate marketing ",
      "d": "ad marketing ",
      "ok": "c"
    },
    {
      "id":5,
      "title": "4.According to the text, the three stages ofB2C Web sites include all of the following except___ ",
      "a": "e-tailing",
      "b": "e-integration",
      "c": "e-transaction ",
      "d": "e-information ",
      "ok": "a"
    },
    {
      "id": 6,
      "title": "5.The revolutionary aspect of the Priceline.com Web sitelies in its model called Name Your Own Price. Customers specify the product they are looking for and how much they are willing to pay for it.",
      "a": "immediate pricing ",
      "b": "menu-driven pricing",
      "c": "forward pricing",
      "d": "reverse pricing ",
      "ok": "b"
    },
    {
      "id":7,
      "title": "6．is a type of e-auction fraud where bidders are lured to leave a legitimate auction in order to buy the same item at a lower price.",
      "a": "Bid luring ",
      "b": "Product luring ",
      "c": "Customer luring ",
      "d": "Low-price luring ",
      "ok": "c"
    }
  ]
}